{"cameraMode":{"drawMode":0,"name":"Shaded","section":"Shading Mode"},"sceneLighting":true,"audioPlay":false,"sceneViewState":{"showFog":true,"showMaterialUpdate":false,"showSkybox":true,"showFlares":true,"showImageEffects":true,"showParticleSystems":true},"in2DMode":false,"pivot":{"x":-0.2542853355407715,"y":-0.3634934425354004,"z":1.986515760421753},"rotation":{"x":-0.23069912195205689,"y":0.01079747173935175,"z":-0.002561144297942519,"w":-0.9729688167572022},"size":5.45923376083374,"orthographic":false}